name,organization,homepage,logo,twitter,crunchbase_url,funding,member,relation,tag,license,headquarters,description,crunchbase_description,crunchbase_homepage,crunchbase_city,crunchbase_region,crunchbase_country,crunchbase_twitter,crunchbase_linkedin,crunchbase_ticker,crunchbase_kind,crunchbase_min_employees,crunchbase_max_employees,category,subcategory,oss,github_repo,github_stars,github_description,github_latest_commit_date,github_latest_commit_link,github_latest_release_date,github_latest_release_link,github_start_commit_date,github_start_commit_link,github_contributors_count,github_contributors_link,accepted,incubation,graduated,dev_stats_url,artwork_url,blog_url,mailing_list_url,slack_url,youtube_url,chat_channel,last_audit_date,last_audit_url
2.0,,https://www.2p0.fr/,logos/702648c233918220b07a74310ea05a909121936d0767296a17190ca17af47ef6.png,,,,,,,,,,,,,,,,,,,,,Employeurs,Intérim,,,,,,,,,,,,,,,,,,,,,,,,
2W,,https://2w-rh.fr/,logos/a522db3f2894c5c0878e5c38a4336126a589a3511ddc5221db2a289e803e4fcf.jpg,,,,,,,,,,,,,,,,,,,,,Employeurs,Intérim,,,,,,,,,,,,,,,,,,,,,,,,
3M Centre de formation : travaux en hauteur,,https://www.3mfrance.fr/3M/fr_FR/centre-formation-protection-antichute/,logos/53f5c6a75ef23c586ccd9009c2b986cbe9cb4f859fa87973facc63fdc564d9d8.png,,,,,,,,,,,,,,,,,,,,,Formation,Centres,,,,,,,,,,,,,,,,,,,,,,,,
7ème Ciel,,https://www.7-ciel.net/,logos/6351672092a05b16435c41a100677417a31d955359139ab7d26e28ecb2fe5f14.png,,,,,,,,,,,,,,,,,,,,,Employeurs,Petites entreprises,,,,,,,,,,,,,,,,,,,,,,,,
A.T.S,,https://www.ats-accessibilite.com/,logos/793bd6ce85a5a353231dfd2bf18d9618d4915481543b5dde43868a8fd2024432.jpg,,,,,,,,,,,,,,,,,,,,,Employeurs,Petites entreprises,,,,,,,,,,,,,,,,,,,,,,,,
A.T.X,,https://www.aloides-travaux.fr/,logos/140c8067961ae315310a0409758aa25e743f8a4419ed434d82de22e8838709a8.png,,,,,,,,,,,,,,,,,,,,,Employeurs,Petites entreprises,,,,,,,,,,,,,,,,,,,,,,,,
Abside,,http://www.abside.fr,logos/acf3beb60cf8d08d3a97719937bf496a909b548692130de5c6657c3348acb46d.jpeg,,,,,,,,,,,,,,,,,,,,,Employeurs,Moyennes entreprises,,,,,,,,,,,,,,,,,,,,,,,,
ABTS,,https://abts06.com/,logos/bbf7dc353665749aefade359b98b0488d1e63f09eb85a9810aa450b832490558.jpg,,,,,,,,,,,,,,,,,,,,,Employeurs,Moyennes entreprises,,,,,,,,,,,,,,,,,,,,,,,,
Académie de la Hauteur,,https://academiedelahauteur.fr/,logos/50bfe9b6716e819409de5aaaafa86a6087b1ae2a1892834bb49b657786a81eb6.png,,,,,,,,,,,,,,,,,,,,,Formation,Centres,,,,,,,,,,,,,,,,,,,,,,,,
Accede Atout,,https://www.accede-atout.fr/,logos/1feeb3f6cc8734f937c86fc992254e540e6824bf7ddd22df59539b9804c0968f.png,,,,,,,,,,,,,,,,,,,,,Employeurs,Petites entreprises,,,,,,,,,,,,,,,,,,,,,,,,
AcceDIF,,https://www.accedif.fr/,logos/cd272ffdde30179809bbf8ae63bee62c6bcf5e381f0d4574a441ffb166348ad6.png,,,,,,,,,,,,,,,,,,,,,Employeurs,Intérim,,,,,,,,,,,,,,,,,,,,,,,,
Accordes,,https://accordes.fr/,logos/304916061e3631126e250696dfbe5653ca787cdd9910be16ef54da93882de1c1.png,,,,,,,,,,,,,,,,,,,,,Employeurs,Petites entreprises,,,,,,,,,,,,,,,,,,,,,,,,
Accro' Net,,https://accronet.fr/,logos/e05244a5246685895509a8f3348328e0a36235d15b8c9c1cd214639dfb5f86e9.webp,,,,,,,,,,,,,,,,,,,,,Employeurs,Petites entreprises,,,,,,,,,,,,,,,,,,,,,,,,
Accroch'Toit,,http://www.accroch-toit.fr/,logos/cc2988cd17b726b203e9bf6a25c36223a6addbc4e87218c1080119467695a49e.png,,,,,,,,,,,,,,,,,,,,,Employeurs,Petites entreprises,,,,,,,,,,,,,,,,,,,,,,,,
Accroche Net,,https://accroche.net/,logos/a6eeee61c8f0be10e894207d637c4d68e737ed38c5ed89eafb4c5b9690fabcc0.png,,,,,,,,,,,,,,,,,,,,,Employeurs,Petites entreprises,,,,,,,,,,,,,,,,,,,,,,,,
Accès Service,,https://asn-cordiste.fr/,logos/e17ae721de9c117ba1fab5f67cf497b1ca9650b4eec5625c51f67d5e275e735b.png,,,,,,,,,,,,,,,,,,,,,Employeurs,Petites entreprises,,,,,,,,,,,,,,,,,,,,,,,,
Acro Gecko,,https://www.acrogecko.com/,logos/ed59ae0b2296071642ef8b7ed732fa6156e24a0f54ec2c8fd38323557277265e.jpg,,,,,,,,,,,,,,,,,,,,,Employeurs,Petites entreprises,,,,,,,,,,,,,,,,,,,,,,,,
Acro Intérim,,https://www.intwee-emploi.com/agence/acro-interim-agence-france/,logos/93da6fb422c1b931e6aea5bd07d9b224550c6e7068881b28a6b43cc530d60ad0.png,,,,,,,,,,,,,,,,,,,,,Employeurs,Intérim,,,,,,,,,,,,,,,,,,,,,,,,
Acro Solution,,https://www.acro-solution.fr,logos/0f4179eaf4938ee38967f85c10593bda7bf06fefffcf386f5fbc03967cdba67c.png,,,,,,,,,,,,,,,,,,,,,Employeurs,Moyennes entreprises,,,,,,,,,,,,,,,,,,,,,,,,
Acrobat,,https://acrobat.fr/,logos/81d6650d61e39e1ad1fdb482a33d8396fb8f2f600bbcb6715ef51b6f1a45f075.webp,,,,,,,,,,,,,,,,,,,,,Employeurs,Petites entreprises,,,,,,,,,,,,,,,,,,,,,,,,
Acrobatic,,https://www.acrobatic.fr/,logos/c0b42c5b0b5999b98aeddd29f7dcf4dd96a54d03069114f1876aa0f9de043296.png,,,,,,,,,,,,,,,,,,,,,Employeurs,Petites entreprises,,,,,,,,,,,,,,,,,,,,,,,,
Acrobatica,,https://acrobatica.fr/,logos/24884530e0806d62362e324e68f58ac485cd3377019c70a170eb15d91c52a244.svg,,,,,,,,,,,,,,,,,,,,,Employeurs,Moyennes entreprises,,,,,,,,,,,,,,,,,,,,,,,,
AcroBTP,,https://www.acrobtp.fr/,logos/7d6b90fd8634eb06a6b28463d3fc5032f73e575edbb379882e119b2a55a34d69.png,,,,,,,,,,,,,,,,,,,,,Employeurs,Grandes entreprises,,,,,,,,,,,,,,,,,,,,,,,,
Acrofeel,,https://acrofeel.fr/,logos/9284c2ff51ecf1cde210a007025fccaffd439e797e0b5238ba9de0b0506f5cbb.png,,,,,,,,,,,,,,,,,,,,,Employeurs,Petites entreprises,,,,,,,,,,,,,,,,,,,,,,,,
Acroservices,,https://www.acroservices.org/,logos/da801f16fcbd8161194e137d8ef07fbb53ed06df5734b59a82e72c1f228cc960.jpg,,,,,,,,,,,,,,,,,,,,,Employeurs,Petites entreprises,,,,,,,,,,,,,,,,,,,,,,,,
Acrosys,,https://www.acrosys.eu,logos/e26420e906d5f2102cf596206d3fc369c7d23f805b43eb7a41f1eea77c208136.png,,,,,,,,,,,,,,,,,,,,,Employeurs,Moyennes entreprises,,,,,,,,,,,,,,,,,,,,,,,,
Acrosystems,,https://www.acrosystems.com/,logos/a1b18b5ff7757a4108023a4c3af6baf7398c3dfe76a32ceff26ac92fa4a824c5.webp,,,,,,,,,,,,,,,,,,,,,Employeurs,Petites entreprises,,,,,,,,,,,,,,,,,,,,,,,,
Acrotempo,,https://acrotempo.fr/,logos/3df460439f0c313bfd3d0b4e4282739db8b836d44c739bb8d1c709ca2c09451b.png,,,,,,,,,,,,,,,,,,,,,Employeurs,Petites entreprises,,,,,,,,,,,,,,,,,,,,,,,,
Action Altitude,,https://www.action-altitude.fr/,logos/199b563880dd245f5fff8aae9737371ccb2ddc18f549a5bc2da86becec8759df.jpg,,,,,,,,,,,,,,,,,,,,,Employeurs,Petites entreprises,,,,,,,,,,,,,,,,,,,,,,,,
Adrenaline,,https://adrenaline-ee.com/,logos/15d8fe45d5dafa2648236f25896cab547ca839d45c9032c2b525750dc9c639b5.png,,,,,,,,,,,,,,,,,,,,,Employeurs,Moyennes entreprises,,,,,,,,,,,,,,,,,,,,,,,,
Agence Altitude Formation,,https://www.aaf.re/,logos/b69a1a328e4edf12dd2749c7d587e90f95af8ce5620fe0c28278e4ff31de8fc7.webp,,,,,,,,,,,,,,,,,,,,,Formation,Centres,,,,,,,,,,,,,,,,,,,,,,,,
Alpi Ouest,,https://www.alpi-ouest.fr/,logos/e3be9e568cd9633fa2b79437dec343eb34bedb9bfa0b8e31b231cd91a2f37aab.webp,,,,,,,,,,,,,,,,,,,,,Employeurs,Petites entreprises,,,,,,,,,,,,,,,,,,,,,,,,
Alpi-Tech,,https://www.alpi-tech.fr,logos/86f7008f99f7f8e227f4adfd0ca146bd28916fc7b0611341079efb0988a75ccb.png,,,,,,,,,,,,,,,,,,,,,Employeurs,Petites entreprises,,,,,,,,,,,,,,,,,,,,,,,,
Alpic,,https://www.alpic.fr/formation/travail-sur-corde/,logos/632bb0a41735453d77f1f29c7136cb06d93b37b1dbebcd0aa104346324aa11a9.png,,,,,,,,,,,,,,,,,,,,,Formation,Centres,,,,,,,,,,,,,,,,,,,,,,,,
Alpine Access,,https://alpine-access.fr,logos/b5d899f501ab0e07f8722a5106d58b48a49b80832179f13b260472512f6cf92a.jpg,,,,,,,,,,,,,,,,,,,,,Employeurs,Petites entreprises,,,,,,,,,,,,,,,,,,,,,,,,
Alpinistes Accès Services,,https://a-a-s.fr/,logos/8fbbaea059451fd3e1a79a7bc2aca116e59832c6b1957cd117fb4ae7236040be.png,,,,,,,,,,,,,,,,,,,,,Employeurs,Petites entreprises,,,,,,,,,,,,,,,,,,,,,,,,
Alpiroc,,https://www.alpiroc.fr/,logos/592a0e86a1054deeef715ed7da307c4efb4d7e010bd907f8b0aaf6399fbc0cf2.png,,,,,,,,,,,,,,,,,,,,,Employeurs,Petites entreprises,,,,,,,,,,,,,,,,,,,,,,,,
Alternative Cordes,,https://www.alternativecordes.fr/,logos/0e4824335004e05d7e3b6ec4b50ce4bc606961a84b34f6100b1b5838f2515edb.png,,,,,,,,,,,,,,,,,,,,,Employeurs,Petites entreprises,,,,,,,,,,,,,,,,,,,,,,,,
ALTi CiTY,,https://www.alticity.eu,logos/95b29872b58188c57f5b9993fe0b5b61a3003ca1c04dc342a324c32379d60b2b.png,,,,,,,,,,,,,,,,,,,,,Employeurs,Moyennes entreprises,,,,,,,,,,,,,,,,,,,,,,,,
Altipol,,https://www.altipol.com,logos/e2f936a3b74de8327bd1e5185657c9972d28abd1d8f4fc3142acd12c96b48c6d.png,,,,,,,,,,,,,,,,,,,,,Employeurs,Moyennes entreprises,,,,,,,,,,,,,,,,,,,,,,,,
ALTITAD,,https://www.altitad.fr/,logos/a620f6509c0d98d269117af866e521779ecede23d1a2476312403edc767a8fe1.svg,,,,,,,,,,,,,,,,,,,,,Employeurs,Moyennes entreprises,,,,,,,,,,,,,,,,,,,,,,,,
Altitech,,https://altitech.fr/lentreprise/,logos/efe2bcf8777304a654112b7bada1555a69d3ae2f6f26db88654ba0868b49c79e.jpeg,,,,,,,,,,,,,,,,,,,,,Employeurs,Petites entreprises,,,,,,,,,,,,,,,,,,,,,,,,
Altitude Construction,,http://www.altitude-construction.com/,logos/4a1859c45711fdf4f62e980cf24f8146e168b24a0e5436449f5e23d3364db91e.png,,,,,,,,,,,,,,,,,,,,,Employeurs,Petites entreprises,,,,,,,,,,,,,,,,,,,,,,,,
Altitude Formation,,https://www.altitudeformation.fr/,logos/75aee354c5c390cf083554703a979d7aff6704c51cb038301967dc5056c28cee.avif,,,,,,,,,,,,,,,,,,,,,Formation,Centres,,,,,,,,,,,,,,,,,,,,,,,,
Altitude Services,,https://www.altitude-services.pro,logos/fea7ed58359c453fbfb91c6c6a28fcc6603e98bd9fad03456c766600d1fd2530.png,,,,,,,,,,,,,,,,,,,,,Employeurs,Moyennes entreprises,,,,,,,,,,,,,,,,,,,,,,,,
Altitude TS,,https://www.altitude-26.fr,logos/cf404b15000d9dfd2ed4ed33085de104edc9ef59904fa1895ef8801c94d880e5.jpeg,,,,,,,,,,,,,,,,,,,,,Employeurs,Moyennes entreprises,,,,,,,,,,,,,,,,,,,,,,,,
Altius,,https://www.altius.fr,logos/8d0a54732cdbb12e314418fd7883e60cab2e7dfc969748662b6601bc37f60fc2.jpeg,,,,,,,,,,,,,,,,,,,,,Employeurs,Moyennes entreprises,,,,,,,,,,,,,,,,,,,,,,,,
Anapurna,,https://www.anapurna-35.fr/,logos/a6ca5c42bc17cba2f501ba2de8ee42ddd77612d9c19e18c6590a8d4fdd2322b4.png,,,,,,,,,,,,,,,,,,,,,Employeurs,Petites entreprises,,,,,,,,,,,,,,,,,,,,,,,,
Ancrage,,https://ancrage.fr/,logos/e411e6882b4062ac9a89bd36751cb6f8c7a1adf4cb320b37e1be0b2d00847bf1.png,,,,,,,,,,,,,,,,,,,,,Employeurs,Petites entreprises,,,,,,,,,,,,,,,,,,,,,,,,
Annuaire des travaux en hauteur,,https://www.annuairedestravauxenhauteur.com,logos/69bdca50e4d5afc86fb6e8651bcc4782cc998428596721b4eaf7ede0c5aa0b91.webp,,,,,,,,,,,,,,,,,,,,,Employeurs,Autres,,,,,,,,,,,,,,,,,,,,,,,,
Antecime,,https://antecime.fr/,logos/1d70bd2a2b6dfbcd08c30e28e8c1333ec2abdddd6d82a874d606670d63973dcd.webp,,,,,,,,,,,,,,,,,,,,,Employeurs,Petites entreprises,,,,,,,,,,,,,,,,,,,,,,,,
Apesanteur,,https://apesanteur.net/,logos/9633539f12a18a7547eceaef482f8312ae8432589fd2f56ab350575e603be48e.png,,,,,,,,,,,,,,,,,,,,,Employeurs,Moyennes entreprises,,,,,,,,,,,,,,,,,,,,,,,,
APEX Travaux Spéciaux,,https://www.facebook.com/p/APEX-Travaux-Sp%C3%A9ciaux-100064395445810/,logos/faa06ca603b74d37aeb7f0b6b2ffb15b2018026e816c135ae81c3c0f7b46d3ae.jpg,,,,,,,,,,,,,,,,,,,,,Employeurs,Moyennes entreprises,,,,,,,,,,,,,,,,,,,,,,,,
APIC,,http://apic-sa.fr/,logos/bcd1119e182f74b2e5e595456593ba0ea9cde9c18e00f320fd7dc31bd569dcc8.png,,,,,,,,,,,,,,,,,,,,,Employeurs,Petites entreprises,,,,,,,,,,,,,,,,,,,,,,,,
Aplomb,,https://www.aplomb.fr/,logos/445c246c8c615c62027019bbdfebbebba8a7d98d333614395b83a2c4fb8de360.jpg,,,,,,,,,,,,,,,,,,,,,Employeurs,Moyennes entreprises,,,,,,,,,,,,,,,,,,,,,,,,
Art Camp',,https://www.art-camp.com/,logos/17f18dfb3b524ac2a68ade6060571a2bb332162a16f9040ddc1cc640bce7379b.png,,,,,,,,,,,,,,,,,,,,,Employeurs,Petites entreprises,,,,,,,,,,,,,,,,,,,,,,,,
ASAP,,https://w-asap.fr/,logos/b4821a95d64233d956000efb53fa37c71f21164a95ca35fd7483c140f282841b.jpg,,,,,,,,,,,,,,,,,,,,,Employeurs,Moyennes entreprises,,,,,,,,,,,,,,,,,,,,,,,,
Ascension,,https://ascension.fr/,logos/e3977c7362b5c4fefde2f594db0f4ea8ce3594be453f1fa0cee46fd825a8c203.gif,,,,,,,,,,,,,,,,,,,,,Employeurs,Moyennes entreprises,,,,,,,,,,,,,,,,,,,,,,,,
ATA,,http://www.ata-ezagouri.fr/,logos/82da1533929e9a77c5d8a37a9495c08ec6da9c50a839bd942d1eae25322c6e8d.png,,,,,,,,,,,,,,,,,,,,,Employeurs,Petites entreprises,,,,,,,,,,,,,,,,,,,,,,,,
Atoutcorde,,https://atoutcorde.com/accueil.htm,logos/0465fb5664498bdeaa48fc9db25b354fb74156cc19e0ed1978c7df040a4ceac3.jpeg,,,,,,,,,,,,,,,,,,,,,Formation,Centres,,,,,,,,,,,,,,,,,,,,,,,,
B.C.S,,https://www.bcs-lyon.fr,logos/3a08440ddc6ace4363392de6d53c1d7fade300b50bdcf1447d1ba5cae4464583.jpg,,,,,,,,,,,,,,,,,,,,,Employeurs,Petites entreprises,,,,,,,,,,,,,,,,,,,,,,,,
Beal,,https://www.beal-planet.com/,logos/6ddea051df749fb0b7032e2f1a357b2c6147bbde26eaa6aa98824eafe690b043.webp,,,,,,,,,,,,,,,,,,,,,Matériel,Constructeurs,,,,,,,,,,,,,,,,,,,,,,,,
Bothier,,https://www.bothier.fr/,logos/63e3e4e5659040340130806a1fb6e3866a4a2ec09a88f02ebb1ec4888222564e.png,,,,,,,,,,,,,,,,,,,,,Employeurs,Moyennes entreprises,,,,,,,,,,,,,,,,,,,,,,,,
Bourchanin,,https://www.bourchanin.fr/,logos/ca1bb6c7ec5c43e21b81e2825759905cf43339921c03fa28e298204923224397.webp,,,,,,,,,,,,,,,,,,,,,Employeurs,Petites entreprises,,,,,,,,,,,,,,,,,,,,,,,,
C.D.N.C,,https://www.cdnc.fr/,logos/dda1daafc2277a10a16bb27b7f07ff4a4d3b32cfcdbb6d31ff9f61bcef9589fb.png,,,,,,,,,,,,,,,,,,,,,Employeurs,Petites entreprises,,,,,,,,,,,,,,,,,,,,,,,,
Cabestan,,https://www.cabestan-montgeron.fr/,logos/098a901b194c68f8db40abebcd54bc845acd7d0b1b4bf3659832c77b58721380.webp,,,,,,,,,,,,,,,,,,,,,Employeurs,Moyennes entreprises,,,,,,,,,,,,,,,,,,,,,,,,
CAFSAT,,https://cafsat.biz/,logos/7deac26d94cc07d45f3433b7ae7fc30167905e58e280fe32665c85588021e148.png,,,,,,,,,,,,,,,,,,,,,Formation,Centres,,,,,,,,,,,,,,,,,,,,,,,,
Cairn Formation,,https://cairn-formation.com,logos/59a1edde4df4609ce25e7d9a365d0b59351a17c9b1e04a97a4b25149babf00eb.svg,,,,,,,,,,,,,,,,,,,,,Formation,Centres,,,,,,,,,,,,,,,,,,,,,,,,
Camp,,https://www.camp.it/m/fr/fr/work,logos/8020c500d49f9a3663ea3a203cad3224c096ffe9b99827d1a11f3dada484807d.svg,,,,,,,,,,,,,,,,,,,,,Matériel,Constructeurs,,,,,,,,,,,,,,,,,,,,,,,,
CAN,,https://www.can.fr,logos/2510a8d7f1c0e8a83777a0e415f4bc1b3120428278506f1cc6e06c1692abc339.jpeg,,,,,,,,,,,,,,,,,,,,,Employeurs,Grandes entreprises,,,,,,,,,,,,,,,,,,,,,,,,
Cap Vertical,,https://www.capverticalcordiste.fr,logos/e6dddadcedd9ca4ef11a490b7d26622a5f20c1a8538f438f9266daac72137eb3.jpg,,,,,,,,,,,,,,,,,,,,,Employeurs,Petites entreprises,,,,,,,,,,,,,,,,,,,,,,,,
Celticorde,,https://www.celticorde.com/,logos/3d8280ecef9594c4980ff6ddb222919a234830ef28f31a56e57363f762c08c1f.webp,,,,,,,,,,,,,,,,,,,,,Employeurs,Petites entreprises,,,,,,,,,,,,,,,,,,,,,,,,
Citem,,https://citem.fr,logos/b22a715d4a3b17283cb7b8c0904e73900af090d1bf7578160a78d079b260da61.png,,,,,,,,,,,,,,,,,,,,,Employeurs,Moyennes entreprises,,,,,,,,,,,,,,,,,,,,,,,,
Climbing Technology,,https://www.climbingtechnology.com/fr,logos/3e12c47ae39be3be54b52c2a55e4d4b563b53cc4955d907a01706eecb5dc9146.png,,,,,,,,,,,,,,,,,,,,,Matériel,Constructeurs,,,,,,,,,,,,,,,,,,,,,,,,
Colibri,,https://www.colibri-cordiste.fr/,logos/2ee1caea497e06b0ce8448e312a0572e27ac57fab521f5edcce7932ce6a52826.jpeg,,,,,,,,,,,,,,,,,,,,,Employeurs,Moyennes entreprises,,,,,,,,,,,,,,,,,,,,,,,,
Collectif BTP autonome,,https://www.facebook.com/people/Collectif-BTP-autonome/100089338942143,logos/d3dd993aa399599df3c9df50c3b3a7827b1413df62bc68a5287db80e2372c556.jpg,,,,,,,,,,,,,,,,,,,,,Solidarité,Collectifs,,,,,,,,,,,,,,,,,,,,,,,,
Cord'Attitude,,https://www.cordattitude.fr/,logos/c3a012b886225aade8acc59cb07869b9254e6aca212fb4f9309fc60658cb4117.png,,,,,,,,,,,,,,,,,,,,,Employeurs,Petites entreprises,,,,,,,,,,,,,,,,,,,,,,,,
Cordactions,,https://cordactions.fr/,logos/d97f9fb6d305b2fbef7d7cd682b10a4d74c6e9f39f84d5f7a239e151257008dc.png,,,,,,,,,,,,,,,,,,,,,Employeurs,Petites entreprises,,,,,,,,,,,,,,,,,,,,,,,,
Cordaix,,https://www.cordaix.fr/,logos/7fadd7f4892cccc4298f82ea946bb2030da17cf9dc281eed3cccbbb63c2db971.png,,,,,,,,,,,,,,,,,,,,,Employeurs,Petites entreprises,,,,,,,,,,,,,,,,,,,,,,,,
Corde Option,,https://travauxaccesdifficile.fr/,logos/2b97dd01d6c873e9043b3f83c7d275982953e0f24caa15146e7e82b367203a8c.png,,,,,,,,,,,,,,,,,,,,,Employeurs,Petites entreprises,,,,,,,,,,,,,,,,,,,,,,,,
Cordial,,https://www.proman-emploi.fr/groupe-proman-cordial,logos/9aa62e171e47bdb9a11109176827423a9d6deed16783d002b7204ad282a79ca5.png,,,,,,,,,,,,,,,,,,,,,Employeurs,Intérim,,,,,,,,,,,,,,,,,,,,,,,,
Cordistes en colère,,https://cordistesencolere.fr/,logos/6c2fd26c3698519a770d6fd24aff013983a120700e707f91abbe618b6be8fe76.jpg,,,,,,,,,,,,,,,,,,,,,Solidarité,Collectifs,,,,,,,,,,,,,,,,,,,,,,,,
Corsica Interventions,,https://www.corsicainterventions.com/,logos/facac7645694b47820af909ce5ae28462c4903f42208e1c4972801dd55c7c8ee.png,,,,,,,,,,,,,,,,,,,,,Employeurs,Petites entreprises,,,,,,,,,,,,,,,,,,,,,,,,
Courant,,https://www.mycourant.com/fr,logos/40a7a4a220f022b6e9b6d29c4da7fc42e393f16c624aa6a671b30f2000bc650e.svg,,,,,,,,,,,,,,,,,,,,,Matériel,Constructeurs,,,,,,,,,,,,,,,,,,,,,,,,
CTS Travaux Spéciaux,,https://www.chenutravauxspeciaux.fr,logos/4479fcf1d6a9a1faac6b5dec3b99485a5f946adcadee19bcb164d585cb56e57d.avif,,,,,,,,,,,,,,,,,,,,,Employeurs,Petites entreprises,,,,,,,,,,,,,,,,,,,,,,,,
DGE Acrotech,,https://www.facebook.com/Dge.acrotech,logos/fac3aa8d98917c75325ee787643f3b44012cbc1dfde7b2e57d6cc7a31e55d4ec.png,,,,,,,,,,,,,,,,,,,,,Employeurs,Petites entreprises,,,,,,,,,,,,,,,,,,,,,,,,
Dimension Corde,,https://www.dimension-corde.com/,logos/4223f3afc3ccb7d1c6e52aaaf237184c4bed5ebcfa8b8dc3f9528769df890f41.webp,,,,,,,,,,,,,,,,,,,,,Formation,Centres,,,,,,,,,,,,,,,,,,,,,,,,
EGITEC,,https://egitec.fr/,logos/595180d548c1a95280ae02f56efb207c49046cc3a31ae2da6f14e8036ef51f93.png,,,,,,,,,,,,,,,,,,,,,Employeurs,Moyennes entreprises,,,,,,,,,,,,,,,,,,,,,,,,
Elderid,,https://edelrid.com/fr-fr,logos/1b035c1d410ce3f5fb2dbc88e67245df0ea501185a1595f196d94b16b65a12b8.png,,,,,,,,,,,,,,,,,,,,,Matériel,Constructeurs,,,,,,,,,,,,,,,,,,,,,,,,
Elevation Service,,https://www.elevation-service.fr/,logos/d06861023c46fc1b6b91ebf3f7bc7387ff42bdd0d539a06cc6b8210d3a38e84f.png,,,,,,,,,,,,,,,,,,,,,Employeurs,Petites entreprises,,,,,,,,,,,,,,,,,,,,,,,,
ENT J.Léon,,http://www.entleonjonathan.com/,logos/aaaf9c85574e430ce32e452a882db1dd8134af4b95f90509ac6d8f9f6ccd3e20.jpg,,,,,,,,,,,,,,,,,,,,,Employeurs,Petites entreprises,,,,,,,,,,,,,,,,,,,,,,,,
Espace Vertical,,https://www.espacevertical.fr/,logos/1b59ba49164e1fd5d64323c4d78eb0978c4490953cef02a45f8bda55c3b4a7a9.png,,,,,,,,,,,,,,,,,,,,,Employeurs,Moyennes entreprises,,,,,,,,,,,,,,,,,,,,,,,,
Esprit de cordée,,https://www.espritdecordee.fr/,logos/ddcd201903c6b595f869f71e5ec9645fdaabbc0f23b0ae44562ba661013d146c.webp,,,,,,,,,,,,,,,,,,,,,Employeurs,Petites entreprises,,,,,,,,,,,,,,,,,,,,,,,,
Etair IDF,,https://www.etair-idf.fr,logos/c4e4023bef38f2b11254acabfd74a791d046a09de9a12a82e59241d9989fb7a1.png,,,,,,,,,,,,,,,,,,,,,Employeurs,Moyennes entreprises,,,,,,,,,,,,,,,,,,,,,,,,
ETNA,,https://etna06.fr/,logos/edf2ee9e28943792ec078f9298132887263c9b6b665472076faeffea0eb29408.jpg,,,,,,,,,,,,,,,,,,,,,Employeurs,Petites entreprises,,,,,,,,,,,,,,,,,,,,,,,,
Everest,,https://everest-travaux.com/,logos/7132916d3a443ae5259d8a23836eef3e6122a534556a0ddde330453e4e10928e.png,,,,,,,,,,,,,,,,,,,,,Employeurs,Moyennes entreprises,,,,,,,,,,,,,,,,,,,,,,,,
Festival des Derniers de cordée,,https://derniersdecordee.noblogs.org,logos/8aeec38b858208f710dffcd15bb078fd1a7f8c55d93fdc4310dd725da75b58ad.jpg,,,,,,,,,,,,,,,,,,,,,Solidarité,Collectifs,,,,,,,,,,,,,,,,,,,,,,,,
Fil A Plomb,,https://filaplomb.wixsite.com,logos/bd2bf546171a43d479d2b8305773c3cc94cec7def11faa30e717d6db9917877b.avif,,,,,,,,,,,,,,,,,,,,,Employeurs,Moyennes entreprises,,,,,,,,,,,,,,,,,,,,,,,,
FMI,,https://fmipro.fr/,logos/9bf0cf4c41fcb8c611008889123b055fdb7da16215ba6998b0bf96ba97fbfaa0.png,,,,,,,,,,,,,,,,,,,,,Employeurs,Petites entreprises,,,,,,,,,,,,,,,,,,,,,,,,
Formacan,,https://www.formacan.fr/,logos/328fb52d4ba3573cfd74fc8a0ce40a516f674ee162e071ae9892e4eb7f70ff16.png,,,,,,,,,,,,,,,,,,,,,Formation,Centres,,,,,,,,,,,,,,,,,,,,,,,,
France Acrobatique,,https://france-acrobatique.fr/,logos/e418e27bb9eb43883585c0775c6a161e7059ea5132b7259b546dbd7130fcc7b1.jpg,,,,,,,,,,,,,,,,,,,,,Employeurs,Petites entreprises,,,,,,,,,,,,,,,,,,,,,,,,
France Travaux sur Cordes,,https://www.francetravauxsurcordes.fr,logos/661cb8946e6daa7f6ca1cae46e086788efc280762cd0feea8a4c5710f9578d0c.jpg,,,,,,,,,France Travaux sur Cordes est un syndicat français professionnel. Il a pour vocation de regrouper les entreprises appartenant aux secteurs des Travaux Publics ou du Bâtiment qui ont pour activité principale ou secondaire les travaux d'accès difficiles sur cordes.,,,,,,,,,,,,Employeurs,Autres,,,,,,,,,,,,,,,,,,,,,,,,
Franck Leger,,https://www.facebook.com/profile.php?id=100090086675603,logos/f5dece236aabad9dc765682a3a17a4f3cdb08f1132b0be4a0d44518b9f9785f1.jpg,,,,,,,,,,,,,,,,,,,,,Employeurs,Petites entreprises,,,,,,,,,,,,,,,,,,,,,,,,
Garelli Travaux Publics,,https://www.garelli.fr/metier/travaux-acrobatiques,logos/34b04b1cda3681d2aa1b5a0dd81fc9371033e8f21b7e20ff4b2c6598ca82ea4d.jpeg,,,,,,,,,,,,,,,,,,,,,Employeurs,Grandes entreprises,,,,,,,,,,,,,,,,,,,,,,,,
GGM Travaux Acrobatiques,,https://www.ggm-travaux-acrobatiques.fr,logos/8bdf48da36d67b4e1099233405405549a104483937a1f901071bd4bdcf718acf.png,,,,,,,,,,,,,,,,,,,,,Employeurs,Moyennes entreprises,,,,,,,,,,,,,,,,,,,,,,,,
GIPAH,,https://www.gipah.fr/,logos/af7f0f7c2a0a11a12574d0ce3f722d0870a41641c83294aefeab7c52ab7b326b.jpg,,,,,,,,,Groupement des Installateurs de Protection Antichute de Hauteur,,,,,,,,,,,,Employeurs,Autres,,,,,,,,,,,,,,,,,,,,,,,,
GMS Gambotti,,https://sasgms.com/,logos/4eecb481b8a63fd240f13b6f6f028003788ccda41dd9c9c67e67b26d7509fab4.jpg,,,,,,,,,,,,,,,,,,,,,Employeurs,Moyennes entreprises,,,,,,,,,,,,,,,,,,,,,,,,
Gratte Ciel,,https://gratteciel.fr/,logos/1efd68e6a033182a301c4e729eccd274d68cc550093055c7a789e282c903eec0.png,,,,,,,,,,,,,,,,,,,,,Employeurs,Moyennes entreprises,,,,,,,,,,,,,,,,,,,,,,,,
Green'Up,,https://greenup-cordiste.com/,logos/a04d3b034ed2b4c367ba55bf5fd5a4c14bade867a64c67c72e1aa89e1556a1fa.png,,,,,,,,,,,,,,,,,,,,,Employeurs,Petites entreprises,,,,,,,,,,,,,,,,,,,,,,,,
Greta Ardèche Drôme,,https://greta-ardechedrome.fr,logos/7a687983cd7e4e3e88ef2a6a4db7063c9e954b498ec0abb9b65af6672a453fbe.jpeg,,,,,,,,,,,,,,,,,,,,,Formation,Centres,,,,,,,,,,,,,,,,,,,,,,,,
Groupe Accsys,,https://www.accsys.fr/,logos/504a3c815ce8190742ac2cf65b6a1d9566b02b8f5a393b8b0b2cf17e4c3f3981.jpeg,,,,,,,,,,,,,,,,,,,,,Employeurs,Grandes entreprises,,,,,,,,,,,,,,,,,,,,,,,,
Groupe CAN,,https://groupe-can.com/,logos/7423e13f496203968645fe6a4f2c78da68e60dcd987d3911a2ccc09397837506.jpg,,,,,,,,,,,,,,,,,,,,,Employeurs,Grandes entreprises,,,,,,,,,,,,,,,,,,,,,,,,
Groupe Jarnias,,https://www.legroupejarnias.eu/index.php/entreprises,logos/e6d62aea34e0cd5effcbea09f5bab86c55f87d1421da8c6181b51820c316a04c.png,,,,,,,,,,,,,,,,,,,,,Employeurs,Grandes entreprises,,,,,,,,,,,,,,,,,,,,,,,,
Groupe NA,,https://www.legroupejarnias.eu/index.php/entreprises,logos/249aa210e44eaa8a92e702bc8ee51542b2d8aabba71ac0e7e5cd8e4c2d3fae15.png,,,,,,,,,,,,,,,,,,,,,Employeurs,Grandes entreprises,,,,,,,,,,,,,,,,,,,,,,,,
Harken,,https://www.harken.com/safetyandrescue/fr/home/,logos/a121e7649f9e5ccfbb3eabf7692c84a35dabcae6245948409f67fbe4b7b0a9ac.png,,,,,,,,,,,,,,,,,,,,,Matériel,Constructeurs,,,,,,,,,,,,,,,,,,,,,,,,
Haut Pluri'Elles,,https://www.facebook.com/groups/319769895349010,logos/43e7be348bd3205add3a1bcdb1d09c2d3908309537cd624a04623847fdbab4e0.png,,,,,,,,,Collectif de femmes cordistes dont le but est : Promouvoir l'accessibilité des femmes dans la profession / Encourager les femmes à échanger sur leurs rôles et leurs problématiques / La montée en confiance et en compétences / Solliciter les acteurs du métier,,,,,,,,,,,,Solidarité,Collectifs,,,,,,,,,,,,,,,,,,,,,,,,
Hauteur & Sécurité,,https://www.formation-hauteur-securite.fr/,logos/c2ead2535ab0f96aeaf00f8dc0c72f0066bbd0e4f23dd9581d87ed703d488020.png,,,,,,,,,,,,,,,,,,,,,Formation,Centres,,,,,,,,,,,,,,,,,,,,,,,,
Hauteur Prévention,,https://www.hauteur-prevention.com/,logos/9ca9e4e5a33f0328c4aabebd6ba737ef4e798056a0079fef22f989ca818b546d.svg,,,,,,,,,,,,,,,,,,,,,Formation,Centres,,,,,,,,,,,,,,,,,,,,,,,,
HAUTLINE,,https://www.hautline.fr/,logos/90ce06fd89ccbb48218a4b303d0b354a1167bd0043d9b6c25ad98477f6f95ca7.webp,,,,,,,,,,,,,,,,,,,,,Employeurs,Petites entreprises,,,,,,,,,,,,,,,,,,,,,,,,
HTC Techniques Verticales,,https://www.htc-tv.fr/,logos/83de53c5eae8946f8e8b22ee048bde228701ab7fa04ef8adaa63a0c8ad31ec64.jpeg,,,,,,,,,,,,,,,,,,,,,Formation,Centres,,,,,,,,,,,,,,,,,,,,,,,,
Hydrokarst,,https://hydrokarst.fr/,logos/dc509fa40f8e555050f9915c9c26b69a18fd29686432c8a9af457fad46c48257.jpeg,,,,,,,,,,,,,,,,,,,,,Employeurs,Grandes entreprises,,,,,,,,,,,,,,,,,,,,,,,,
Jarnias,,https://www.jarnias.fr,logos/5113c715c931c4bfa6fefe4727ee1c156a6ae380f24ebe93b68237743e1f723b.png,,,,,,,,,,,,,,,,,,,,,Employeurs,Grandes entreprises,,,,,,,,,,,,,,,,,,,,,,,,
Jarnias Formation,,https://www.jarniasformation.fr,logos/4ce2ade971d6886ad7b245f6a50ce796cd3f36fd5e96f4f15b8fdf5d435affef.gif,,,,,,,,,,,,,,,,,,,,,Formation,Centres,,,,,,,,,,,,,,,,,,,,,,,,
je suis cordiste et j'ai des trucs à dire,,https://www.facebook.com/groups/jesuiscordiste/,logos/dd0613a78ab7385702593f21a4c19174ed8e9897e37849b16fc7b97700ffaba8.png,,,,,,,,,,,,,,,,,,,,,Solidarité,Réseaux sociaux,,,,,,,,,,,,,,,,,,,,,,,,
Jint,,https://www.jint.jobs/,logos/39d75d8c6eb760f0faa8e06ac9f20e3c7c1218166901ca7b2047f0950d6a42d5.png,,,,,,,,,,,,,,,,,,,,,Employeurs,Intérim,,,,,,,,,,,,,,,,,,,,,,,,
Kratos Safety,,https://kratossafety.com/fr/,logos/17983888d8591420568f2de74e1c89ec5586bf9c3041ef54301d0a0be38f2bee.jpg,,,,,,,,,,,,,,,,,,,,,Matériel,Constructeurs,,,,,,,,,,,,,,,,,,,,,,,,
L'antichute,,https://antichute.re/,logos/f53589d225b13473c27ca560f4bc9869e5105a487250a38925cc2811be67a4f9.webp,,,,,,,,,,,,,,,,,,,,,Employeurs,Petites entreprises,,,,,,,,,,,,,,,,,,,,,,,,
L'étoile Acrobat,,https://www.letoile-acrobat.fr,logos/745314c18d7d01fbbef7504363c56905bf92504c7793d434033d22cbed562699.png,,,,,,,,,,,,,,,,,,,,,Employeurs,Petites entreprises,,,,,,,,,,,,,,,,,,,,,,,,
Les Alpinistes Associés,,https://www.alpinistes-associes.com/,logos/16a9f86065590679dc73ef41548b6fc54ee58e1742d91420015493cf3fde8663.png,,,,,,,,,,,,,,,,,,,,,Employeurs,Moyennes entreprises,,,,,,,,,,,,,,,,,,,,,,,,
Les Cordes Briançonnaises,,https://www.les-cordes-brianconnaises.fr/,logos/d1da7fd959684a04cfb4fc2e05ff9279b2646d75fe251b064e4888b18a2f3a14.png,,,,,,,,,,,,,,,,,,,,,Employeurs,Petites entreprises,,,,,,,,,,,,,,,,,,,,,,,,
Les Cordistes de l'Ouest,,https://www.lescordistesdelouest.fr/,logos/35502fb5b9809077bd33b565e63b995116603d6d8f1a280a7ece283aa3a6132d.png,,,,,,,,,,,,,,,,,,,,,Employeurs,Petites entreprises,,,,,,,,,,,,,,,,,,,,,,,,
Les Couvreurs de Proximité,,https://les-couvreurs-de-proximite.fr/,logos/4b7d483e82aaca0a88ec27dff2ce557cd536150826a2caeb9ba434cb042da889.jpg,,,,,,,,,,,,,,,,,,,,,Employeurs,Moyennes entreprises,,,,,,,,,,,,,,,,,,,,,,,,
MAD Services,,https://www.mad-services.fr/,logos/d782bdcb593c3d4b14c41112a4ebf4c72ddbf4b26d142ff94cb0d657248dee0d.jpeg,,,,,,,,,,,,,,,,,,,,,Employeurs,Petites entreprises,,,,,,,,,,,,,,,,,,,,,,,,
Maintenance Couverture Façade,,https://www.mcf-14.com/,logos/e0ed3e8fe9141127fed9f665224257a0d43a0f224ec18c5b9f671b4f58404ca9.png,,,,,,,,,,,,,,,,,,,,,Employeurs,Petites entreprises,,,,,,,,,,,,,,,,,,,,,,,,
Menco,,https://www.menco-rh.fr/nos-domaines-d-activites/travaux-speciaux/,logos/8b214ab3f76e22bfdcbe28f06f3ec0281c41e09fb78618b319fac77ce487cb5c.png,,,,,,,,,,,,,,,,,,,,,Employeurs,Intérim,,,,,,,,,,,,,,,,,,,,,,,,
Midi Cordes,,https://midicordes.com/,logos/87ec699a0195a306eda4c6664a95f42779bee6381d8f717b2a6a90f343a78d58.png,,,,,,,,,,,,,,,,,,,,,Employeurs,Petites entreprises,,,,,,,,,,,,,,,,,,,,,,,,
Monacro,,https://www.monacro.com/,logos/b6dfd235da96dcbed4dc42ac15d8db87613cc00f0d50a7245fed4d55c061900f.avif,,,,,,,,,,,,,,,,,,,,,Employeurs,Petites entreprises,,,,,,,,,,,,,,,,,,,,,,,,
Monkey Access,,https://www.monkeyaccess.com/,logos/f40c8dbe45e35788a327a2cf19fedd027ce9d705ea5e6ac9909eb14acafe3e11.png,,,,,,,,,,,,,,,,,,,,,Employeurs,Petites entreprises,,,,,,,,,,,,,,,,,,,,,,,,
Motiv Intérim,,https://www.motivinterim.fr/evreux.html,logos/644f4ee49a7980076417ea56e53e825f8321c64ff210e53a5f3f20e5b0978670.png,,,,,,,,,,,,,,,,,,,,,Employeurs,Intérim,,,,,,,,,,,,,,,,,,,,,,,,
MP Cordes,,https://www.mpcordes.fr/,logos/28798b7e0c35cb93d66a40c9b82437050e64a76f335b9530e9299fc4f570946e.png,,,,,,,,,,,,,,,,,,,,,Employeurs,Petites entreprises,,,,,,,,,,,,,,,,,,,,,,,,
MS Access,,https://msaccess.fr/,logos/4078d442192c6739864259ad66c0867079985b1db1d287ed53d8015d6a7d0844.jpg,,,,,,,,,,,,,,,,,,,,,Employeurs,Petites entreprises,,,,,,,,,,,,,,,,,,,,,,,,
MV2,,http://www.mv2acro.com/,logos/254d6f7538434cda63fcc26b83c5b389f020d17b733b65463fd01437c9290771.jpg,,,,,,,,,,,,,,,,,,,,,Employeurs,Petites entreprises,,,,,,,,,,,,,,,,,,,,,,,,
Nature Verticale,,https://natureverticale04.fr/,logos/489e9e669a263a97199be05d43d7952d337653c04fab71dd9891da656eedf57b.png,,,,,,,,,,,,,,,,,,,,,Employeurs,Petites entreprises,,,,,,,,,,,,,,,,,,,,,,,,
NFHC,,https://www.nord-formations-hauteur-confines.com/,logos/c57e6a0eaecbd12f98f40e48ed8f40f990269f263a3b72a3af94cca884114c05.png,,,,,,,,,Nord Formations Hauteur Confinés,,,,,,,,,,,,Formation,Centres,,,,,,,,,,,,,,,,,,,,,,,,
Nord Access,,http://www.nord-access.fr/,logos/e6900faa7cd6d97a964bb034e4c6bd2b32cbaa55a7d7740f31f2c9c03624a6b6.png,,,,,,,,,,,,,,,,,,,,,Employeurs,Moyennes entreprises,,,,,,,,,,,,,,,,,,,,,,,,
Nord Accès Difficle,,https://www.nord-acces-difficiles.fr/,logos/af1bdcdc5f43b220e3e5af0fa4ace4d536c5cf0ed03067d57755e600e5b18c03.jpg,,,,,,,,,,,,,,,,,,,,,Employeurs,Moyennes entreprises,,,,,,,,,,,,,,,,,,,,,,,,
NVS,,https://nettoyagevitresol.fr/,logos/643a3941496a9df58aa298962e1d24419257aa3774c5d8c7dbf1543f5f6c7168.png,,,,,,,,,,,,,,,,,,,,,Employeurs,Petites entreprises,,,,,,,,,,,,,,,,,,,,,,,,
O.C.O,,https://www.travaux-sur-cordes-marseille.fr/,logos/1f4d5bb239de87440e00315c377d4f7defa8c98bbae67d73d8eca53eb4348cd1.webp,,,,,,,,,,,,,,,,,,,,,Employeurs,Petites entreprises,,,,,,,,,,,,,,,,,,,,,,,,
OpenSafe,,https://www.opensafe.io/fr,logos/1feca79131107cb5967c60bc1e705d8b0360c357cdbdc7c96f1b9ef6eb8cc825.svg,,,,,,,,,Simplifiez la gestion des EPI et VGP.,,,,,,,,,,,,Matériel,Gestion,,,,,,,,,,,,,,,,,,,,,,,,
Ouest Acro,,https://www.ouestacro.fr/,logos/2ccea2957f8c627f7f89130c59403e809eb4f3c72200b0bd49a8c53af794cc28.svg,,,,,,,,,,,,,,,,,,,,,Employeurs,Grandes entreprises,,,,,,,,,,,,,,,,,,,,,,,,
Ozé,,https://www.oze05.fr,logos/af9955e71eaf75cd96888523c3ca697a24f0583f3243253167560ac19a4f2e88.webp,,,,,,,,,,,,,,,,,,,,,Employeurs,Petites entreprises,,,,,,,,,,,,,,,,,,,,,,,,
Paca Altitude,,https://www.pacaaltitude.fr/,logos/391f5efdbf78170ca9c2e8dd5c437c542ab6c7bee820267666b28b9c948afd06.png,,,,,,,,,,,,,,,,,,,,,Employeurs,Petites entreprises,,,,,,,,,,,,,,,,,,,,,,,,
Pacific Acrobatic,,https://www.pacificacrobatic.nc/,logos/127efbed66d2d1e11f6c3a5fffeb31c22611d4edfad64664e1340eb238f98374.jpg,,,,,,,,,,,,,,,,,,,,,Employeurs,Petites entreprises,,,,,,,,,,,,,,,,,,,,,,,,
Parfil,,https://www.parfil.fr/,logos/493072b9b178a7d39f5649f00aa63e2b70ec8f145843d0324e89111bbb78160a.png,,,,,,,,,,,,,,,,,,,,,Employeurs,Petites entreprises,,,,,,,,,,,,,,,,,,,,,,,,
Peretti Travaux Spéciaux,,https://www.facebook.com/p/Peretti-Travaux-Speciaux-100076057965812/,logos/271c02cf009f53cd35f38dd39bb8e4e77e6bb4c56fc1abeab783ab63e458d45d.jpg,,,,,,,,,,,,,,,,,,,,,Employeurs,Moyennes entreprises,,,,,,,,,,,,,,,,,,,,,,,,
Petzl,,https://www.petzl.com/FR/fr,logos/346ca56e2ef57802281c6b1fb4663d1226d1254fd754ca32a5dba4d98c0eb41d.svg,,,,,,,,,,,,,,,,,,,,,Matériel,Constructeurs,,,,,,,,,,,,,,,,,,,,,,,,
Pons,,https://ponstravaux.fr/,logos/46c69b70e1a746395f08c184ee58726c328041eb08d76c64a9fc3a22c6377c0b.webp,,,,,,,,,,,,,,,,,,,,,Employeurs,Petites entreprises,,,,,,,,,,,,,,,,,,,,,,,,
Positiv' Formation,,https://www.positivformation.com/,logos/69950b0cae61d3dff9c454dced7550752c333041f4be650c92b5a1c3703b76f4.png,,,,,,,,,,,,,,,,,,,,,Formation,Centres,,,,,,,,,,,,,,,,,,,,,,,,
Prestacro,,https://www.prestacro.fr/,logos/17939fa8cbefc06f38919ea426c1dac4dcdf061fefb7b336ce86c9473349a306.png,,,,,,,,,,,,,,,,,,,,,Employeurs,Petites entreprises,,,,,,,,,,,,,,,,,,,,,,,,
Pro-Tech-Foudre,,https://www.protechfoudre.net/,logos/dc0cf1f72b238e3909f5cd157065e497914f9806618a3c055e90e8c852765edb.png,,,,,,,,,,,,,,,,,,,,,Employeurs,Petites entreprises,,,,,,,,,,,,,,,,,,,,,,,,
Procorde,,https://www.procorde.fr/,logos/86d1ece093120b0294a3c3ae7ee964475fa7fbd6442443188744bfa924e4922a.svg,,,,,,,,,,,,,,,,,,,,,Employeurs,Petites entreprises,,,,,,,,,,,,,,,,,,,,,,,,
Profil,,https://profil-acro.fr,logos/5de4d20e71f730b81b1554ac09a1f3896f9f25d18d8b9585d122cabc1ab3d1e0.png,,,,,,,,,,,,,,,,,,,,,Employeurs,Moyennes entreprises,,,,,,,,,,,,,,,,,,,,,,,,
Progress,,http://www.progress-hauteur.fr,logos/89fb766e7972e38cf2035abdb8c25c459e4accf3ee9e54fc839bd8e09ef52fe9.png,,,,,,,,,,,,,,,,,,,,,Formation,Centres,,,,,,,,,,,,,,,,,,,,,,,,
PTH13,,https://romain-oliverio.wixsite.com/monsite,logos/04a5358966e5021d126852d80e24312fc69ccd3d7b77647f6b67f6acbabb9243.avif,,,,,,,,,,,,,,,,,,,,,Employeurs,Petites entreprises,,,,,,,,,,,,,,,,,,,,,,,,
Python Hauteur,,https://www.python-hauteur.com/,logos/1a52da9dbba296b902338995dc6e1853548758e2635a5b8b5e4727cdb30afe79.jpg,,,,,,,,,,,,,,,,,,,,,Employeurs,Petites entreprises,,,,,,,,,,,,,,,,,,,,,,,,
Registre-EPI,,https://www.registre-epi.com,logos/30ae12430b0542bb0ab3bed3a1e72929a66bb468fc1806df1e9f0e9b8cb32fbe.png,,,,,,,,,Registre-EPI peut vous proposer des solutions de pucage pour faciliter la gestion de vos EPI,,,,,,,,,,,,Matériel,Gestion,,,,,,,,,,,,,,,,,,,,,,,,
Richers Prévention,,https://www.richers.fr/,logos/1cc28954a72fd77e7dc73e8374e73fc7dede13cc8c66a701ff15cd2902bac2cb.webp,,,,,,,,,,,,,,,,,,,,,Formation,Centres,,,,,,,,,,,,,,,,,,,,,,,,
Rig'Up Formation,,https://rigupformation.fr/,logos/7feefbf24fcb81627b87c1f7a1aa38716f6d7f9fff9b5b328979b089995334bb.jpeg,,,,,,,,,,,,,,,,,,,,,Formation,Centres,,,,,,,,,,,,,,,,,,,,,,,,
Roc Confortation,,https://roc-confortation.fr/,logos/dbf95f705163de4cdbecfa89b2c8efa80722f091698e02c43f8637bf767f3858.svg,,,,,,,,,,,,,,,,,,,,,Employeurs,Moyennes entreprises,,,,,,,,,,,,,,,,,,,,,,,,
Rock Exotica,,https://www.rockexotica.com/,logos/093f36851382c21d1afd792fa9915de1f79824527cf941b211d1af5039379f9e.webp,,,,,,,,,,,,,,,,,,,,,Matériel,Constructeurs,,,,,,,,,,,,,,,,,,,,,,,,
ROPES,,https://ropes.fr/,logos/9cb9d00c67739614c40c58cdead37abc3d1d58151d692d7cd07a82a356f8c99f.png,,,,,,,,,,,,,,,,,,,,,Employeurs,Petites entreprises,,,,,,,,,,,,,,,,,,,,,,,,
RTS,,https://rts-travaux.com,logos/1386bb5beb68ed7ab59ddfe7b7f81f18fcef358c7fcc9d41d83cb5bef0882843.jpg,,,,,,,,,,,,,,,,,,,,,Employeurs,Petites entreprises,,,,,,,,,,,,,,,,,,,,,,,,
Réseau Jade,,https://reseau-jade.com,logos/5dbe6a297255791fd207210a7cab0baa47b0cbbc107f323025ab3c4fe88741a2.png,,,,,,,,,,,,,,,,,,,,,Employeurs,Moyennes entreprises,,,,,,,,,,,,,,,,,,,,,,,,
S.M.I.T.H,,https://www.smith-so.fr/,logos/36ea38b95425fe6bad2f9566d899a07b73d698081fbb2418391db4247499c9db.png,,,,,,,,,Société de Maintenance Industrielle et de Travail en Hauteur,,,,,,,,,,,,Employeurs,Moyennes entreprises,,,,,,,,,,,,,,,,,,,,,,,,
S.O.S Voltige,,https://sos-voltige-marseille.fr/,logos/6e615eaf127ad5979b03aa5af57bd926d50498bc823d39944172edcb2a8792bd.png,,,,,,,,,,,,,,,,,,,,,Employeurs,Petites entreprises,,,,,,,,,,,,,,,,,,,,,,,,
SAD & S,,https://www.sadesexpertise.com/,logos/08d09caacec714981ca92799aaa6e49c8c43829bda3dcc8eb18f46659724d784.png,,,,,,,,,,,,,,,,,,,,,Employeurs,Petites entreprises,,,,,,,,,,,,,,,,,,,,,,,,
Safety Pack,,http://www.safetypack.fr/,logos/b54c6c587106b61a29c02fc58814f4af88148f9da6eae701a26064be3822b13e.png,,,,,,,,,,,,,,,,,,,,,Formation,Centres,,,,,,,,,,,,,,,,,,,,,,,,
Satis,,https://satis-jobscenter.com/,logos/57616fc0906e729b3ccf8e2d06a2f8d4b9d927bfd094d4674f5ce6010d9400b5.webp,,,,,,,,,,,,,,,,,,,,,Employeurs,Intérim,,,,,,,,,,,,,,,,,,,,,,,,
Services Acro Alsace,,https://servicesacroalsace.fr/,logos/24f15d251b6c6a5ceec6bef951ebe2bc6736587ad70c6ae4b6582334b7f5bf98.png,,,,,,,,,,,,,,,,,,,,,Employeurs,Petites entreprises,,,,,,,,,,,,,,,,,,,,,,,,
Services Voltige,,https://www.voltige-services.com/,logos/542146921778b7d56768abf39f9c83740c02e07ef889da024bb45ad30f9318d3.jpeg,,,,,,,,,,,,,,,,,,,,,Employeurs,Moyennes entreprises,,,,,,,,,,,,,,,,,,,,,,,,
Sett,,https://www.groupeactual.eu/interim-recrutement-formation/solutions/sett,logos/9138d39055574aa815e1e2a51aaf530d56e81311652c4b718fc60e5969c66fc6.png,,,,,,,,,,,,,,,,,,,,,Employeurs,Intérim,,,,,,,,,,,,,,,,,,,,,,,,
Sky Scrapper,,https://skyscrapper.fr/,logos/0d3329b090e12b67f12913e2215fa728940e51cfb060b25826fc501aaabefc09.avif,,,,,,,,,,,,,,,,,,,,,Employeurs,Moyennes entreprises,,,,,,,,,,,,,,,,,,,,,,,,
Sky Work,,https://www.skywork.fr,logos/695d4e0abc90e9faa0fb0a429ef95d4b73c837a832fa05f56a1e728c6511eae7.jpeg,,,,,,,,,,,,,,,,,,,,,Employeurs,Petites entreprises,,,,,,,,,,,,,,,,,,,,,,,,
Skyline-Base,,https://www.skyline-base.fr/,logos/b4815f665ae7f61319af44043b96184b63f3485233c023589b0b85205725c7fb.png,,,,,,,,,,,,,,,,,,,,,Employeurs,Petites entreprises,,,,,,,,,,,,,,,,,,,,,,,,
Skylotec,,https://www.skylotec.com/eu_fr/,logos/830eb9bd2730c4075ee30060d3b4cd1e4d06136e67add735425c8fb4ea161a33.png,,,,,,,,,,,,,,,,,,,,,Matériel,Constructeurs,,,,,,,,,,,,,,,,,,,,,,,,
SMTA,,https://www.travaux-acrobatiques-smta.fr/,logos/6615d82d1bd4c5eca52565f5e7cb50c8759f5d3a3d5fd132c9fb3020b845be04.png,,,,,,,,,Société Marseillaise Travaux Acrobatiques,,,,,,,,,,,,Employeurs,Moyennes entreprises,,,,,,,,,,,,,,,,,,,,,,,,
So'o,,https://www.facebook.com/soo.multiservices/,logos/0e5cb52b30ed9a070b5acd2bf817ca6ce599c18d13ad3f91fb22422df7bfa746.jpg,,,,,,,,,,,,,,,,,,,,,Employeurs,Petites entreprises,,,,,,,,,,,,,,,,,,,,,,,,
Soluce RH,,https://solucesrh.nous-recrutons.fr/,logos/83fcd4d15463c1f7e3b7f37436e44b7bf7011be2111658c379d20e273788cd51.jpeg,,,,,,,,,,,,,,,,,,,,,Employeurs,Intérim,,,,,,,,,,,,,,,,,,,,,,,,
Spider Color,,https://spidercolor.fr/,logos/55db3e247ef22c7584df0d4c938818fc30fa4aeb63351aa4c47c61b0827a94ca.jpeg,,,,,,,,,,,,,,,,,,,,,Employeurs,Petites entreprises,,,,,,,,,,,,,,,,,,,,,,,,
Stabilisation Protection,,http://www.stabilisationprotection.fr,logos/ce4ab0fcbe33b92d7e3a49bc1b1dfdc95f9d1f18c5be18b5e47f95bfabe2d674.jpeg,,,,,,,,,,,,,,,,,,,,,Employeurs,Moyennes entreprises,,,,,,,,,,,,,,,,,,,,,,,,
STAM,,https://stam.fr/,logos/378032021c5de680c4a24aa4f4ff1c2ab75fcdb2dbd71289dce3a48750222b9c.png,,,,,,,,,,,,,,,,,,,,,Employeurs,Moyennes entreprises,,,,,,,,,,,,,,,,,,,,,,,,
STH,,https://sth-normandie.fr/,logos/57f74520b180d888c2f850f9a24be2931f576f08e4116480d0972970b40ed46e.png,,,,,,,,,,,,,,,,,,,,,Employeurs,Petites entreprises,,,,,,,,,,,,,,,,,,,,,,,,
Sud Acrobatic,,https://www.sud-acrobatic.com,logos/63ca0526cb95c9bfbce90e5c3f07c29d4d7c90b1543bfa926a2faeed6293ff69.png,,,,,,,,,,,,,,,,,,,,,Employeurs,Moyennes entreprises,,,,,,,,,,,,,,,,,,,,,,,,
Sud Acrobatique,,https://www.sud-acrobatique.com/,logos/647c5e22f794929760307d5fc3d25fcd22edf5f2532a76f706f8bb7580d7d3e2.avif,,,,,,,,,,,,,,,,,,,,,Employeurs,Petites entreprises,,,,,,,,,,,,,,,,,,,,,,,,
SYFFORHA,,https://www.syfforha.fr,logos/993678be446635ef7391f788456be6288eb29d826c8cb88a6113c642266b0088.jpg,,,,,,,,,Syndicat Français pour la Formation en Hauteur,,,,,,,,,,,,Employeurs,Autres,,,,,,,,,,,,,,,,,,,,,,,,
Syndicat National Indépendant des Cordistes de France,,https://solidaritecordistes.fr/,logos/1363ae3405c3dca76b91f8fc3593d601ebc3e9fff36ae309915eeddea2a4fb12.jpg,,,,,,,,,"Un syndicat indépendant qui défend les droits et intérêts individuels et collectifs, professionnels, matériels et moraux des Cordistes en France, à l'exception de ceux ayant un rôle d'employeur.",,,,,,,,,,,,Solidarité,Collectifs,,,,,,,,,,,,,,,,,,,,,,,,
T&S Contrôle et Formation,,https://controle-formation.fr/,logos/d985558385852104cb99308a33851268186c1bd2a44862093cb56a25a6b3043b.png,,,,,,,,,,,,,,,,,,,,,Formation,Centres,,,,,,,,,,,,,,,,,,,,,,,,
T.S.M,,https://www.tsm-monaco.com/,logos/46d5ef4a4eeb70a7065ab458acfb1a1d684a6f974afd3184b00c2ca41d185fb5.png,,,,,,,,,,,,,,,,,,,,,Employeurs,Petites entreprises,,,,,,,,,,,,,,,,,,,,,,,,
TAF69,,https://www.taf69.com/,logos/56c4237199b6f3b184347e63bb55d5187f0482a3478b6777cd46f2c0cfd91191.png,,,,,,,,,,,,,,,,,,,,,Employeurs,Petites entreprises,,,,,,,,,,,,,,,,,,,,,,,,
TAFS,,https://tafs-bunzac.com/,logos/aa2dd6037168d2fb6f7b235d247da7c5d4981ebb0db37e5d709c10a8056f520d.png,,,,,,,,,,,,,,,,,,,,,Employeurs,Petites entreprises,,,,,,,,,,,,,,,,,,,,,,,,
Tag System Solutions,,https://www.tagsystem.fr/,logos/2fa5d4dd9ea46b55cef7ba8050fb7af5d40080d9281e99ec7b5821450e678ada.jpeg,,,,,,,,,,,,,,,,,,,,,Employeurs,Intérim,,,,,,,,,,,,,,,,,,,,,,,,
TAN,,https://www.tanacro.fr/,logos/23667fa8915bfa9509f89cda646321fa1d7aa4e301ad142b8d149d054de162e0.svg,,,,,,,,,,,,,,,,,,,,,Employeurs,Petites entreprises,,,,,,,,,,,,,,,,,,,,,,,,
Taz,,https://taz3d.fr,logos/baee30a8b176e9f305a39e0134181b0e71d176d274f8f33ed4e60f785b246640.jpg,,,,,,,,,,,,,,,,,,,,,Matériel,Constructeurs,,,,,,,,,,,,,,,,,,,,,,,,
Techni Travaux,,https://www.facebook.com/profile.php?id=61558731191291,logos/f8f19d807d0e2447609463ffe5833aa2edf26ca9ba6e2ec63e7e22546d9729e8.jpeg,,,,,,,,,,,,,,,,,,,,,Employeurs,Petites entreprises,,,,,,,,,,,,,,,,,,,,,,,,
Techniques Verticales,,https://techniquesverticales.com/,logos/932a5a913d8e2e98cdeed1b68d5b5973e13ce852a440f1ebf29cbdfbc12395ec.png,,,,,,,,,,,,,,,,,,,,,Employeurs,Petites entreprises,,,,,,,,,,,,,,,,,,,,,,,,
Teufelberger,,https://www.teufelberger.com/,logos/fc4f8ab82aa39f36305860cd6d6709a783adea3868a9c4bf55088bbe1c2d7c10.png,,,,,,,,,,,,,,,,,,,,,Matériel,Constructeurs,,,,,,,,,,,,,,,,,,,,,,,,
TGH,,http://www.tgh.fr/,logos/db98de4217a88e52fbb4ad4cd4fc8aa518b9565684fae3c1ebe5e807cb370591.png,,,,,,,,,,,,,,,,,,,,,Employeurs,Moyennes entreprises,,,,,,,,,,,,,,,,,,,,,,,,
Totem,,https://www.totem-travaux.fr,logos/c49299266e787adb8ce47689e061dde1a74ab488fa838c8455347b6de6d0ead3.jpg,,,,,,,,,,,,,,,,,,,,,Employeurs,Petites entreprises,,,,,,,,,,,,,,,,,,,,,,,,
Traforex,,https://www.facebook.com/Traforex/,logos/75da792c698833232cadc92a052e3f209357520e6af47737745dcd87d79804a8.jpeg,,,,,,,,,,,,,,,,,,,,,Employeurs,Moyennes entreprises,,,,,,,,,,,,,,,,,,,,,,,,
Trav'Haut,,https://www.travhaut.com/,logos/f7e4d9ee86afd77f8980ee0235c708ae10f6938388bb50591db5340d06ae4b26.jpg,,,,,,,,,,,,,,,,,,,,,Employeurs,Petites entreprises,,,,,,,,,,,,,,,,,,,,,,,,
Travaux & Services 13,,https://www.travauxetservices-13.fr/,logos/815f0f139d930339eacf19a0352d77b48101a93d76e6bcef658a2f0bdaee9d14.jpg,,,,,,,,,,,,,,,,,,,,,Employeurs,Petites entreprises,,,,,,,,,,,,,,,,,,,,,,,,
TSC,,https://tsc-travauxsurcordes.fr/,logos/ca94435575c68b51fed27e985183e4d18ca34dd4b7ec91ab4120cb87727dd669.png,,,,,,,,,,,,,,,,,,,,,Employeurs,Petites entreprises,,,,,,,,,,,,,,,,,,,,,,,,
TSC 16,,https://www.cordiste.expert/,logos/3ef0ffd645e08484c8ba168b60de788594b9bb881ab3e3e4055dbab1e7024592.png,,,,,,,,,,,,,,,,,,,,,Employeurs,Petites entreprises,,,,,,,,,,,,,,,,,,,,,,,,
Työ,,https://www.tyo.work/,logos/d1f7ed0a329f4d170141cfda0598476d8f69b79c9185d2e7995cda05d7801f18.png,,,,,,,,,,,,,,,,,,,,,Employeurs,Petites entreprises,,,,,,,,,,,,,,,,,,,,,,,,
Versant,,https://versant-groupe.com,logos/1c2323126a2588206db7296fd44af665f617992164128aef97a69b053f6924f1.png,,,,,,,,,,,,,,,,,,,,,Employeurs,Moyennes entreprises,,,,,,,,,,,,,,,,,,,,,,,,
Vertical Concept,,https://verticalconcept.fr/,logos/e47801c09a7f7064455fc23c6a094769e0abc760c7aa36d3d856778144f66c3b.svg,,,,,,,,,,,,,,,,,,,,,Employeurs,Petites entreprises,,,,,,,,,,,,,,,,,,,,,,,,
Vertical Formation,,https://www.vertical-formation.fr/,logos/4c9057eb360fd4045ea2da03b730f9ee5c4e4d574679a3b4f80254cd9985fd07.png,,,,,,,,,,,,,,,,,,,,,Formation,Centres,,,,,,,,,,,,,,,,,,,,,,,,
Vertical Services,,https://www.vertical-services.com/,logos/54ec52cb8179fdd77331dcfa259be231bf068b6926e124b53311c21482b9dce0.avif,,,,,,,,,,,,,,,,,,,,,Employeurs,Petites entreprises,,,,,,,,,,,,,,,,,,,,,,,,
Vertical Sécurité,,https://www.vertical-securite.com/,logos/f0f12948e64cd3cb5df8dc3966979c2cebcd83ce23ea212285cc02ecc88b46b7.jpg,,,,,,,,,,,,,,,,,,,,,Employeurs,Petites entreprises,,,,,,,,,,,,,,,,,,,,,,,,
Vertical-R,,https://vertical-r.com/,logos/3cfc14c8b54a4cb37106adef4a5ed55e6cd275b9ddeb464668ae99d20d7fd5fc.png,,,,,,,,,,,,,,,,,,,,,Employeurs,Petites entreprises,,,,,,,,,,,,,,,,,,,,,,,,
Verticale Solution,,https://www.verticale-solution.com,logos/7061834be432a58c3d32d68670e10fc46b757c4825dc6d25425d2e68460c277c.png,,,,,,,,,,,,,,,,,,,,,Employeurs,Petites entreprises,,,,,,,,,,,,,,,,,,,,,,,,
Vertika,,http://vertika.fr/,logos/abe6a982bb99fec95174efae9eec14e1ba033841ad9a9a017cec5517a7bfb1de.png,,,,,,,,,,,,,,,,,,,,,Employeurs,Petites entreprises,,,,,,,,,,,,,,,,,,,,,,,,
Vitacro,,https://vitacro.fr/,logos/dc3dbf2f2e4e995d3883b6e1e12a5df804c84327d2ff0ab73f9fbea089440f70.png,,,,,,,,,,,,,,,,,,,,,Employeurs,Petites entreprises,,,,,,,,,,,,,,,,,,,,,,,,
Yann Plan,,https://www.yannplan.fr/,logos/37f690648eb870d3bb4052e0e7675277cfac7a0f61e28b0345b7c98d1b285945.png,,,,,,,,,,,,,,,,,,,,,Employeurs,Petites entreprises,,,,,,,,,,,,,,,,,,,,,,,,
